﻿<?xml version="1.0"?>
<doc>
<assembly>
<name>
ShippingStation
</name>
</assembly>
<members>
<member name="M:ShippingStation.InIParams.ReadValue(System.String,System.String,System.String)">
 <summary>
 Read value from INI file
 </summary>
 <param name="section">The section of the file to look in</param>
 <param name="key">The key in the section to look for</param>
</member>
<member name="M:ShippingStation.InIParams.WriteValue(System.String,System.String,System.String,System.String)">
 <summary>
 Write value to INI file
 </summary>
 <param name="section">The section of the file to write in</param>
 <param name="key">The key in the section to write</param>
 <param name="value">The value to write for the key</param>
</member>
<member name="T:ShippingStation.My.Resources.Resources">
<summary>
  A strongly-typed resource class, for looking up localized strings, etc.
</summary>
</member>
<member name="P:ShippingStation.My.Resources.Resources.ResourceManager">
<summary>
  Returns the cached ResourceManager instance used by this class.
</summary>
</member>
<member name="P:ShippingStation.My.Resources.Resources.Culture">
<summary>
  Overrides the current thread's CurrentUICulture property for all
  resource lookups using this strongly typed resource class.
</summary>
</member>
<member name="P:ShippingStation.My.Resources.Resources.Add_32">
<summary>
  Looks up a localized resource of type System.Drawing.Bitmap.
</summary>
</member>
<member name="P:ShippingStation.My.Resources.Resources.AddWhite_32">
<summary>
  Looks up a localized resource of type System.Drawing.Bitmap.
</summary>
</member>
<member name="P:ShippingStation.My.Resources.Resources.Cancel2_32">
<summary>
  Looks up a localized resource of type System.Drawing.Bitmap.
</summary>
</member>
<member name="P:ShippingStation.My.Resources.Resources.Cancel32">
<summary>
  Looks up a localized resource of type System.Drawing.Bitmap.
</summary>
</member>
<member name="P:ShippingStation.My.Resources.Resources.clear_32">
<summary>
  Looks up a localized resource of type System.Drawing.Bitmap.
</summary>
</member>
<member name="P:ShippingStation.My.Resources.Resources.ClearWhite_32">
<summary>
  Looks up a localized resource of type System.Drawing.Bitmap.
</summary>
</member>
<member name="P:ShippingStation.My.Resources.Resources.cricutlogo_3">
<summary>
  Looks up a localized resource of type System.Drawing.Bitmap.
</summary>
</member>
<member name="P:ShippingStation.My.Resources.Resources.edit_32_gif">
<summary>
  Looks up a localized resource of type System.Drawing.Bitmap.
</summary>
</member>
<member name="P:ShippingStation.My.Resources.Resources.edit_gif">
<summary>
  Looks up a localized resource of type System.Drawing.Bitmap.
</summary>
</member>
<member name="P:ShippingStation.My.Resources.Resources.icons8_edit_32">
<summary>
  Looks up a localized resource of type System.Drawing.Bitmap.
</summary>
</member>
<member name="P:ShippingStation.My.Resources.Resources.icons8_excel_32">
<summary>
  Looks up a localized resource of type System.Drawing.Bitmap.
</summary>
</member>
<member name="P:ShippingStation.My.Resources.Resources.icons8_pdf_32">
<summary>
  Looks up a localized resource of type System.Drawing.Bitmap.
</summary>
</member>
<member name="P:ShippingStation.My.Resources.Resources.icons8_product_documents_32">
<summary>
  Looks up a localized resource of type System.Drawing.Bitmap.
</summary>
</member>
<member name="P:ShippingStation.My.Resources.Resources.icons8_settings_48">
<summary>
  Looks up a localized resource of type System.Drawing.Bitmap.
</summary>
</member>
<member name="P:ShippingStation.My.Resources.Resources.icons8_visibility_50">
<summary>
  Looks up a localized resource of type System.Drawing.Bitmap.
</summary>
</member>
<member name="P:ShippingStation.My.Resources.Resources.icons8_visibility_501">
<summary>
  Looks up a localized resource of type System.Drawing.Bitmap.
</summary>
</member>
<member name="P:ShippingStation.My.Resources.Resources.icons8_word_32">
<summary>
  Looks up a localized resource of type System.Drawing.Bitmap.
</summary>
</member>
<member name="P:ShippingStation.My.Resources.Resources.packing_32">
<summary>
  Looks up a localized resource of type System.Drawing.Bitmap.
</summary>
</member>
<member name="P:ShippingStation.My.Resources.Resources.print">
<summary>
  Looks up a localized resource of type System.Drawing.Bitmap.
</summary>
</member>
<member name="P:ShippingStation.My.Resources.Resources.print_32">
<summary>
  Looks up a localized resource of type System.Drawing.Bitmap.
</summary>
</member>
<member name="P:ShippingStation.My.Resources.Resources.Remove">
<summary>
  Looks up a localized resource of type System.Drawing.Bitmap.
</summary>
</member>
<member name="P:ShippingStation.My.Resources.Resources.remove_32">
<summary>
  Looks up a localized resource of type System.Drawing.Bitmap.
</summary>
</member>
<member name="P:ShippingStation.My.Resources.Resources.Remove1">
<summary>
  Looks up a localized resource of type System.Drawing.Bitmap.
</summary>
</member>
<member name="P:ShippingStation.My.Resources.Resources.reset1_32">
<summary>
  Looks up a localized resource of type System.Drawing.Bitmap.
</summary>
</member>
<member name="P:ShippingStation.My.Resources.Resources.settings_32">
<summary>
  Looks up a localized resource of type System.Drawing.Bitmap.
</summary>
</member>
<member name="P:ShippingStation.My.Resources.Resources.Shipping_32">
<summary>
  Looks up a localized resource of type System.Drawing.Bitmap.
</summary>
</member>
<member name="P:ShippingStation.My.Resources.Resources.Shipping_32_gif">
<summary>
  Looks up a localized resource of type System.Drawing.Bitmap.
</summary>
</member>
<member name="P:ShippingStation.My.Resources.Resources.Shipping_321">
<summary>
  Looks up a localized resource of type System.Drawing.Bitmap.
</summary>
</member>
</members>
</doc>
