﻿<?xml version="1.0"?>
<doc>
<assembly>
<name>
contai
</name>
</assembly>
<members>
<member name="M:Cricut_QC_Application.Params.ReadValue(System.String,System.String,System.String)">
 <summary>
 Read value from INI file
 </summary>
 <param name="section">The section of the file to look in</param>
 <param name="key">The key in the section to look for</param>
</member>
<member name="M:Cricut_QC_Application.Params.WriteValue(System.String,System.String,System.String,System.String)">
 <summary>
 Write value to INI file
 </summary>
 <param name="section">The section of the file to write in</param>
 <param name="key">The key in the section to write</param>
 <param name="value">The value to write for the key</param>
</member>
<member name="T:Cricut_QC_Application.My.Resources.Resources">
<summary>
  A strongly-typed resource class, for looking up localized strings, etc.
</summary>
</member>
<member name="P:Cricut_QC_Application.My.Resources.Resources.ResourceManager">
<summary>
  Returns the cached ResourceManager instance used by this class.
</summary>
</member>
<member name="P:Cricut_QC_Application.My.Resources.Resources.Culture">
<summary>
  Overrides the current thread's CurrentUICulture property for all
  resource lookups using this strongly typed resource class.
</summary>
</member>
<member name="P:Cricut_QC_Application.My.Resources.Resources.engineering_32">
<summary>
  Looks up a localized resource of type System.Drawing.Bitmap.
</summary>
</member>
<member name="P:Cricut_QC_Application.My.Resources.Resources.icons8_cancel_32">
<summary>
  Looks up a localized resource of type System.Drawing.Bitmap.
</summary>
</member>
<member name="P:Cricut_QC_Application.My.Resources.Resources.icons8_fork_lift_32">
<summary>
  Looks up a localized resource of type System.Drawing.Bitmap.
</summary>
</member>
<member name="P:Cricut_QC_Application.My.Resources.Resources.icons8_save_32_1_">
<summary>
  Looks up a localized resource of type System.Drawing.Bitmap.
</summary>
</member>
<member name="P:Cricut_QC_Application.My.Resources.Resources.icons8_search_32">
<summary>
  Looks up a localized resource of type System.Drawing.Bitmap.
</summary>
</member>
<member name="P:Cricut_QC_Application.My.Resources.Resources.icons8_search_black_32">
<summary>
  Looks up a localized resource of type System.Drawing.Bitmap.
</summary>
</member>
<member name="P:Cricut_QC_Application.My.Resources.Resources.icons8_truck_tail_lift_32">
<summary>
  Looks up a localized resource of type System.Drawing.Bitmap.
</summary>
</member>
<member name="P:Cricut_QC_Application.My.Resources.Resources.invisible">
<summary>
  Looks up a localized resource of type System.Drawing.Bitmap.
</summary>
</member>
<member name="P:Cricut_QC_Application.My.Resources.Resources.visible">
<summary>
  Looks up a localized resource of type System.Drawing.Bitmap.
</summary>
</member>
<member name="T:Cricut_QC_Application.Resources">
<summary>
  A strongly-typed resource class, for looking up localized strings, etc.
</summary>
</member>
<member name="P:Cricut_QC_Application.Resources.ResourceManager">
<summary>
  Returns the cached ResourceManager instance used by this class.
</summary>
</member>
<member name="P:Cricut_QC_Application.Resources.Culture">
<summary>
  Overrides the current thread's CurrentUICulture property for all
  resource lookups using this strongly typed resource class.
</summary>
</member>
<member name="P:Cricut_QC_Application.Resources.icons8_remove_32">
<summary>
  Looks up a localized resource of type System.Drawing.Bitmap.
</summary>
</member>
<member name="P:Cricut_QC_Application.Resources.icons8_remove_book_32">
<summary>
  Looks up a localized resource of type System.Drawing.Bitmap.
</summary>
</member>
<member name="P:Cricut_QC_Application.Resources.invisible">
<summary>
  Looks up a localized resource of type System.Drawing.Bitmap.
</summary>
</member>
<member name="P:Cricut_QC_Application.Resources.visible">
<summary>
  Looks up a localized resource of type System.Drawing.Bitmap.
</summary>
</member>
</members>
</doc>
